Year,LGAID,LSID,Offence Count
2023,0,0,274
2023,0,1,26
2023,0,2,72
2023,0,3,147
2023,1,0,705
2023,1,1,63
2023,1,2,223
2023,1,3,419
2023,2,0,4999
2023,2,1,286
2023,2,2,1192
2023,2,3,5238
2023,3,0,4008
2023,3,1,356
2023,3,2,683
2023,3,3,3025
2023,4,0,1296
2023,4,1,209
2023,4,2,501
2023,4,3,951
2023,5,0,2247
2023,5,1,236
2023,5,2,698
2023,5,3,1315
2023,6,0,1542
2023,6,1,356
2023,6,2,607
2023,6,3,3100
2023,7,0,759
2023,7,1,84
2023,7,2,213
2023,7,3,459
2023,8,0,2467
2023,8,1,309
2023,8,2,669
2023,8,3,4423
2023,9,0,7417
2023,9,1,646
2023,9,2,1356
2023,9,3,7625
2023,10,0,164
2023,10,1,17
2023,10,2,147
2023,10,3,101
2023,11,0,1815
2023,11,1,155
2023,11,2,442
2023,11,3,1513
2023,12,0,2903
2023,12,1,306
2023,12,2,967
2023,12,3,2932
2023,13,0,9395
2023,13,1,1164
2023,13,2,2688
2023,13,3,10185
2023,14,0,640
2023,14,1,24
2023,14,2,188
2023,14,3,360
2023,15,0,841
2023,15,1,94
2023,15,2,181
2023,15,3,355
2023,16,0,323
2023,16,1,21
2023,16,2,115
2023,16,3,270
2023,17,0,5657
2023,17,1,575
2023,17,2,1103
2023,17,3,6380
2023,18,0,2600
2023,18,1,432
2023,18,2,783
2023,18,3,1464
2023,19,0,7926
2023,19,1,829
2023,19,2,1374
2023,19,3,4824
2023,20,0,522
2023,20,1,78
2023,20,2,119
2023,20,3,276
2023,21,0,2318
2023,21,1,286
2023,21,2,798
2023,21,3,4260
2023,22,0,957
2023,22,1,74
2023,22,2,242
2023,22,3,372
2023,23,0,256
2023,23,1,49
2023,23,2,78
2023,23,3,346
2023,24,0,5616
2023,24,1,397
2023,24,2,1391
2023,24,3,3872
2023,25,0,8448
2023,25,1,631
2023,25,2,1708
2023,25,3,7987
2023,26,0,10606
2023,26,1,943
2023,26,2,1893
2023,26,3,9159
2023,27,0,4728
2023,27,1,356
2023,27,2,931
2023,27,3,2488
2023,28,0,304
2023,28,1,29
2023,28,2,64
2023,28,3,313
2023,29,0,124
2023,29,1,12
2023,29,2,69
2023,29,3,102
2023,30,0,2384
2023,30,1,260
2023,30,2,549
2023,30,3,2527
2023,31,0,1600
2023,31,1,147
2023,31,2,382
2023,31,3,627
2023,32,0,7990
2023,32,1,783
2023,32,2,2061
2023,32,3,7508
2023,33,0,309
2023,33,1,30
2023,33,2,86
2023,33,3,232
2023,35,0,5400
2023,35,1,507
2023,35,2,1255
2023,35,3,5432
2023,36,0,4470
2023,36,1,611
2023,36,2,1351
2023,36,3,3730
2023,37,0,5812
2023,37,1,825
2023,37,2,1964
2023,37,3,3262
2023,38,0,189
2023,38,1,23
2023,38,2,31
2023,38,3,210
2023,39,0,995
2023,39,1,94
2023,39,2,238
2023,39,3,804
2023,40,0,1708
2023,40,1,175
2023,40,2,520
2023,40,3,2414
2023,41,0,271
2023,41,1,46
2023,41,2,103
2023,41,3,181
2023,42,0,3349
2023,42,1,201
2023,42,2,900
2023,42,3,5263
2023,43,0,3903
2023,43,1,358
2023,43,2,1137
2023,43,3,2268
2023,44,0,16816
2023,44,1,763
2023,44,2,3320
2023,44,3,16865
2023,45,0,5806
2023,45,1,397
2023,45,2,1125
2023,45,3,5534
2023,46,0,4533
2023,46,1,349
2023,46,2,1187
2023,46,3,6681
2023,47,0,3885
2023,47,1,380
2023,47,2,1185
2023,47,3,2621
2023,48,0,2077
2023,48,1,233
2023,48,2,608
2023,48,3,1245
2023,49,0,1554
2023,49,1,99
2023,49,2,224
2023,49,3,705
2023,50,0,5036
2023,50,1,485
2023,50,2,1083
2023,50,3,7025
2023,51,0,3173
2023,51,1,353
2023,51,2,725
2023,51,3,3769
2023,52,0,1299
2023,52,1,90
2023,52,2,251
2023,52,3,953
2023,53,0,4429
2023,53,1,543
2023,53,2,1248
2023,53,3,3708
2023,54,0,419
2023,54,1,44
2023,54,2,133
2023,54,3,498
2023,55,0,323
2023,55,1,15
2023,55,2,80
2023,55,3,207
2023,56,0,320
2023,56,1,55
2023,56,2,146
2023,56,3,303
2023,57,0,761
2023,57,1,117
2023,57,2,244
2023,57,3,654
2023,58,0,573
2023,58,1,74
2023,58,2,159
2023,58,3,270
2023,59,0,4541
2023,59,1,372
2023,59,2,1175
2023,59,3,6639
2023,60,0,150
2023,60,1,29
2023,60,2,39
2023,60,3,151
2023,61,0,31
2023,61,1,5
2023,61,2,4
2023,61,3,53
2023,62,0,1183
2023,62,1,131
2023,62,2,339
2023,62,3,611
2023,63,0,816
2023,63,1,43
2023,63,2,154
2023,63,3,214
2023,64,0,3865
2023,64,1,314
2023,64,2,1191
2023,64,3,5844
2023,65,0,193
2023,65,1,35
2023,65,2,51
2023,65,3,250
2023,66,0,509
2023,66,1,61
2023,66,2,138
2023,66,3,543
2023,67,0,1291
2023,67,1,157
2023,67,2,342
2023,67,3,432
2023,68,0,166
2023,68,1,15
2023,68,2,26
2023,68,3,77
2023,70,0,1462
2023,70,1,108
2023,70,2,400
2023,70,3,745
2023,71,0,1947
2023,71,1,117
2023,71,2,331
2023,71,3,771
2023,72,0,2476
2023,72,1,439
2023,72,2,676
2023,72,3,1090
2023,73,0,92
2023,73,1,13
2023,73,2,24
2023,73,3,58
2023,74,0,3593
2023,74,1,322
2023,74,2,918
2023,74,3,5083
2023,75,0,5843
2023,75,1,998
2023,75,2,1481
2023,75,3,4877
2023,76,0,2180
2023,76,1,129
2023,76,2,486
2023,76,3,1577
2023,77,0,7839
2023,77,1,635
2023,77,2,1922
2023,77,3,8178
2023,78,0,4699
2023,78,1,380
2023,78,2,947
2023,78,3,6809
2023,79,0,3314
2023,79,1,452
2023,79,2,1139
2023,79,3,2208
2023,80,0,164
2023,80,1,21
2023,80,2,58
2023,80,3,170
2022,0,0,213
2022,0,1,37
2022,0,2,62
2022,0,3,147
2022,1,0,804
2022,1,1,74
2022,1,2,134
2022,1,3,330
2022,2,0,5517
2022,2,1,514
2022,2,2,671
2022,2,3,4251
2022,3,0,4494
2022,3,1,596
2022,3,2,452
2022,3,3,2140
2022,4,0,1472
2022,4,1,314
2022,4,2,312
2022,4,3,731
2022,5,0,2388
2022,5,1,354
2022,5,2,475
2022,5,3,922
2022,6,0,1906
2022,6,1,366
2022,6,2,372
2022,6,3,2310
2022,7,0,729
2022,7,1,116
2022,7,2,139
2022,7,3,341
2022,8,0,2492
2022,8,1,462
2022,8,2,446
2022,8,3,3679
2022,9,0,8823
2022,9,1,999
2022,9,2,884
2022,9,3,6021
2022,10,0,146
2022,10,1,21
2022,10,2,61
2022,10,3,61
2022,11,0,1550
2022,11,1,233
2022,11,2,321
2022,11,3,1234
2022,12,0,3072
2022,12,1,547
2022,12,2,609
2022,12,3,1931
2022,13,0,10342
2022,13,1,1964
2022,13,2,1625
2022,13,3,7018
2022,14,0,681
2022,14,1,122
2022,14,2,115
2022,14,3,256
2022,15,0,885
2022,15,1,156
2022,15,2,152
2022,15,3,358
2022,16,0,360
2022,16,1,38
2022,16,2,77
2022,16,3,207
2022,17,0,6397
2022,17,1,774
2022,17,2,775
2022,17,3,4725
2022,18,0,2747
2022,18,1,522
2022,18,2,490
2022,18,3,1118
2022,19,0,7453
2022,19,1,1036
2022,19,2,1062
2022,19,3,3186
2022,20,0,486
2022,20,1,47
2022,20,2,91
2022,20,3,180
2022,21,0,2436
2022,21,1,509
2022,21,2,573
2022,21,3,3416
2022,22,0,999
2022,22,1,132
2022,22,2,171
2022,22,3,348
2022,23,0,270
2022,23,1,36
2022,23,2,30
2022,23,3,264
2022,24,0,5554
2022,24,1,599
2022,24,2,1029
2022,24,3,3285
2022,25,0,8943
2022,25,1,1227
2022,25,2,1187
2022,25,3,5659
2022,26,0,10542
2022,26,1,1282
2022,26,2,1410
2022,26,3,6641
2022,27,0,5579
2022,27,1,535
2022,27,2,772
2022,27,3,2035
2022,28,0,281
2022,28,1,27
2022,28,2,30
2022,28,3,282
2022,29,0,120
2022,29,1,26
2022,29,2,35
2022,29,3,84
2022,30,0,2647
2022,30,1,429
2022,30,2,434
2022,30,3,2425
2022,31,0,1502
2022,31,1,208
2022,31,2,220
2022,31,3,456
2022,32,0,9696
2022,32,1,1474
2022,32,2,1423
2022,32,3,5593
2022,33,0,354
2022,33,1,31
2022,33,2,82
2022,33,3,263
2022,35,0,5079
2022,35,1,763
2022,35,2,919
2022,35,3,3933
2022,36,0,4764
2022,36,1,915
2022,36,2,830
2022,36,3,2624
2022,37,0,6840
2022,37,1,1021
2022,37,2,1152
2022,37,3,2173
2022,38,0,230
2022,38,1,31
2022,38,2,50
2022,38,3,146
2022,39,0,974
2022,39,1,152
2022,39,2,194
2022,39,3,707
2022,40,0,1595
2022,40,1,266
2022,40,2,391
2022,40,3,1559
2022,41,0,189
2022,41,1,24
2022,41,2,46
2022,41,3,123
2022,42,0,3676
2022,42,1,420
2022,42,2,572
2022,42,3,3998
2022,43,0,4562
2022,43,1,559
2022,43,2,753
2022,43,3,1651
2022,44,0,17141
2022,44,1,1344
2022,44,2,3180
2022,44,3,12882
2022,45,0,6246
2022,45,1,770
2022,45,2,734
2022,45,3,4286
2022,46,0,4965
2022,46,1,720
2022,46,2,744
2022,46,3,5497
2022,47,0,4117
2022,47,1,558
2022,47,2,857
2022,47,3,1837
2022,48,0,2358
2022,48,1,336
2022,48,2,331
2022,48,3,843
2022,49,0,1180
2022,49,1,114
2022,49,2,161
2022,49,3,593
2022,50,0,5027
2022,50,1,729
2022,50,2,749
2022,50,3,5277
2022,51,0,3542
2022,51,1,489
2022,51,2,582
2022,51,3,2956
2022,52,0,1116
2022,52,1,110
2022,52,2,145
2022,52,3,654
2022,53,0,4538
2022,53,1,858
2022,53,2,919
2022,53,3,2978
2022,54,0,480
2022,54,1,61
2022,54,2,90
2022,54,3,292
2022,55,0,354
2022,55,1,50
2022,55,2,67
2022,55,3,188
2022,56,0,358
2022,56,1,104
2022,56,2,74
2022,56,3,214
2022,57,0,651
2022,57,1,191
2022,57,2,174
2022,57,3,575
2022,58,0,532
2022,58,1,87
2022,58,2,127
2022,58,3,237
2022,59,0,5245
2022,59,1,671
2022,59,2,955
2022,59,3,5727
2022,60,0,185
2022,60,1,22
2022,60,2,22
2022,60,3,143
2022,61,0,31
2022,61,1,3
2022,61,2,12
2022,61,3,63
2022,62,0,1113
2022,62,1,164
2022,62,2,175
2022,62,3,490
2022,63,0,884
2022,63,1,78
2022,63,2,110
2022,63,3,185
2022,64,0,4665
2022,64,1,581
2022,64,2,1032
2022,64,3,5036
2022,65,0,345
2022,65,1,49
2022,65,2,40
2022,65,3,177
2022,66,0,404
2022,66,1,108
2022,66,2,119
2022,66,3,444
2022,67,0,1335
2022,67,1,199
2022,67,2,204
2022,67,3,336
2022,68,0,60
2022,68,1,19
2022,68,2,22
2022,68,3,58
2022,70,0,1416
2022,70,1,187
2022,70,2,309
2022,70,3,536
2022,71,0,1888
2022,71,1,178
2022,71,2,296
2022,71,3,571
2022,72,0,2555
2022,72,1,517
2022,72,2,426
2022,72,3,983
2022,73,0,47
2022,73,1,10
2022,73,2,16
2022,73,3,44
2022,74,0,3348
2022,74,1,513
2022,74,2,664
2022,74,3,3408
2022,75,0,6351
2022,75,1,1500
2022,75,2,1002
2022,75,3,3624
2022,76,0,1820
2022,76,1,219
2022,76,2,311
2022,76,3,1285
2022,77,0,8411
2022,77,1,1010
2022,77,2,1335
2022,77,3,6892
2022,78,0,5994
2022,78,1,634
2022,78,2,661
2022,78,3,5546
2022,79,0,3541
2022,79,1,734
2022,79,2,835
2022,79,3,1863
2022,80,0,256
2022,80,1,48
2022,80,2,38
2022,80,3,110
2021,0,0,308
2021,0,1,49
2021,0,2,92
2021,0,3,104
2021,1,0,1070
2021,1,1,123
2021,1,2,154
2021,1,3,244
2021,2,0,4924
2021,2,1,493
2021,2,2,722
2021,2,3,4000
2021,3,0,3981
2021,3,1,613
2021,3,2,410
2021,3,3,2347
2021,4,0,1753
2021,4,1,376
2021,4,2,284
2021,4,3,731
2021,5,0,2582
2021,5,1,412
2021,5,2,451
2021,5,3,987
2021,6,0,1618
2021,6,1,349
2021,6,2,326
2021,6,3,2005
2021,7,0,807
2021,7,1,142
2021,7,2,167
2021,7,3,307
2021,8,0,3008
2021,8,1,401
2021,8,2,484
2021,8,3,3555
2021,9,0,8281
2021,9,1,975
2021,9,2,906
2021,9,3,6832
2021,10,0,147
2021,10,1,24
2021,10,2,40
2021,10,3,75
2021,11,0,1604
2021,11,1,239
2021,11,2,422
2021,11,3,1020
2021,12,0,3129
2021,12,1,612
2021,12,2,595
2021,12,3,2084
2021,13,0,9518
2021,13,1,2121
2021,13,2,1391
2021,13,3,6756
2021,14,0,549
2021,14,1,121
2021,14,2,163
2021,14,3,251
2021,15,0,815
2021,15,1,135
2021,15,2,268
2021,15,3,333
2021,16,0,530
2021,16,1,36
2021,16,2,65
2021,16,3,237
2021,17,0,6076
2021,17,1,883
2021,17,2,824
2021,17,3,4858
2021,18,0,2616
2021,18,1,658
2021,18,2,551
2021,18,3,1095
2021,19,0,6664
2021,19,1,1019
2021,19,2,1107
2021,19,3,2958
2021,20,0,444
2021,20,1,45
2021,20,2,94
2021,20,3,210
2021,21,0,2591
2021,21,1,514
2021,21,2,542
2021,21,3,3193
2021,22,0,1088
2021,22,1,127
2021,22,2,226
2021,22,3,315
2021,23,0,277
2021,23,1,33
2021,23,2,31
2021,23,3,263
2021,24,0,5747
2021,24,1,679
2021,24,2,983
2021,24,3,3055
2021,25,0,8768
2021,25,1,1117
2021,25,2,1221
2021,25,3,5445
2021,26,0,10697
2021,26,1,1190
2021,26,2,1449
2021,26,3,6663
2021,27,0,5634
2021,27,1,565
2021,27,2,553
2021,27,3,2350
2021,28,0,226
2021,28,1,40
2021,28,2,42
2021,28,3,247
2021,29,0,254
2021,29,1,33
2021,29,2,33
2021,29,3,132
2021,30,0,2546
2021,30,1,391
2021,30,2,504
2021,30,3,2391
2021,31,0,1630
2021,31,1,170
2021,31,2,240
2021,31,3,384
2021,32,0,9347
2021,32,1,1497
2021,32,2,1556
2021,32,3,5488
2021,33,0,307
2021,33,1,31
2021,33,2,96
2021,33,3,178
2021,35,0,4719
2021,35,1,761
2021,35,2,734
2021,35,3,3389
2021,36,0,5280
2021,36,1,919
2021,36,2,913
2021,36,3,2931
2021,37,0,6885
2021,37,1,1113
2021,37,2,1091
2021,37,3,2250
2021,38,0,284
2021,38,1,25
2021,38,2,47
2021,38,3,183
2021,39,0,1077
2021,39,1,110
2021,39,2,334
2021,39,3,502
2021,40,0,1636
2021,40,1,312
2021,40,2,416
2021,40,3,1648
2021,41,0,245
2021,41,1,45
2021,41,2,71
2021,41,3,128
2021,42,0,3338
2021,42,1,373
2021,42,2,535
2021,42,3,4376
2021,43,0,4160
2021,43,1,551
2021,43,2,644
2021,43,3,2099
2021,44,0,16364
2021,44,1,1246
2021,44,2,4669
2021,44,3,11348
2021,45,0,5948
2021,45,1,816
2021,45,2,698
2021,45,3,4639
2021,46,0,4551
2021,46,1,806
2021,46,2,709
2021,46,3,5572
2021,47,0,3650
2021,47,1,513
2021,47,2,835
2021,47,3,1596
2021,48,0,2149
2021,48,1,426
2021,48,2,297
2021,48,3,802
2021,49,0,1436
2021,49,1,151
2021,49,2,187
2021,49,3,575
2021,50,0,5147
2021,50,1,745
2021,50,2,847
2021,50,3,4743
2021,51,0,3402
2021,51,1,522
2021,51,2,720
2021,51,3,3244
2021,52,0,1031
2021,52,1,149
2021,52,2,238
2021,52,3,702
2021,53,0,4529
2021,53,1,833
2021,53,2,1178
2021,53,3,2471
2021,54,0,473
2021,54,1,79
2021,54,2,99
2021,54,3,273
2021,55,0,385
2021,55,1,44
2021,55,2,72
2021,55,3,205
2021,56,0,427
2021,56,1,105
2021,56,2,80
2021,56,3,196
2021,57,0,955
2021,57,1,223
2021,57,2,150
2021,57,3,874
2021,58,0,604
2021,58,1,94
2021,58,2,188
2021,58,3,208
2021,59,0,5176
2021,59,1,643
2021,59,2,1037
2021,59,3,5473
2021,60,0,232
2021,60,1,29
2021,60,2,35
2021,60,3,160
2021,61,0,30
2021,61,1,3
2021,61,2,9
2021,61,3,45
2021,62,0,1030
2021,62,1,167
2021,62,2,136
2021,62,3,365
2021,63,0,710
2021,63,1,58
2021,63,2,102
2021,63,3,165
2021,64,0,4344
2021,64,1,633
2021,64,2,928
2021,64,3,4697
2021,65,0,372
2021,65,1,58
2021,65,2,40
2021,65,3,179
2021,66,0,607
2021,66,1,107
2021,66,2,152
2021,66,3,498
2021,67,0,1568
2021,67,1,219
2021,67,2,332
2021,67,3,364
2021,68,0,66
2021,68,1,23
2021,68,2,29
2021,68,3,76
2021,70,0,1477
2021,70,1,209
2021,70,2,248
2021,70,3,404
2021,71,0,1904
2021,71,1,173
2021,71,2,325
2021,71,3,725
2021,72,0,2591
2021,72,1,531
2021,72,2,353
2021,72,3,911
2021,73,0,108
2021,73,1,6
2021,73,2,43
2021,73,3,59
2021,74,0,3369
2021,74,1,507
2021,74,2,582
2021,74,3,3145
2021,75,0,6553
2021,75,1,1716
2021,75,2,937
2021,75,3,3937
2021,76,0,1902
2021,76,1,131
2021,76,2,458
2021,76,3,948
2021,77,0,7636
2021,77,1,965
2021,77,2,1147
2021,77,3,6170
2021,78,0,5201
2021,78,1,695
2021,78,2,822
2021,78,3,5432
2021,79,0,4061
2021,79,1,646
2021,79,2,831
2021,79,3,2072
2021,80,0,199
2021,80,1,31
2021,80,2,69
2021,80,3,76
2020,0,0,336
2020,0,1,44
2020,0,2,88
2020,0,3,114
2020,1,0,983
2020,1,1,102
2020,1,2,199
2020,1,3,280
2020,2,0,4948
2020,2,1,498
2020,2,2,975
2020,2,3,3343
2020,3,0,5300
2020,3,1,622
2020,3,2,832
2020,3,3,2702
2020,4,0,1567
2020,4,1,372
2020,4,2,277
2020,4,3,677
2020,5,0,2742
2020,5,1,424
2020,5,2,658
2020,5,3,1259
2020,6,0,2290
2020,6,1,363
2020,6,2,582
2020,6,3,2351
2020,7,0,787
2020,7,1,150
2020,7,2,151
2020,7,3,321
2020,8,0,2939
2020,8,1,448
2020,8,2,728
2020,8,3,3897
2020,9,0,9977
2020,9,1,958
2020,9,2,2458
2020,9,3,6823
2020,10,0,295
2020,10,1,20
2020,10,2,90
2020,10,3,93
2020,11,0,2229
2020,11,1,204
2020,11,2,422
2020,11,3,930
2020,12,0,3544
2020,12,1,614
2020,12,2,1184
2020,12,3,2260
2020,13,0,10503
2020,13,1,2379
2020,13,2,2899
2020,13,3,7407
2020,14,0,679
2020,14,1,97
2020,14,2,154
2020,14,3,233
2020,15,0,993
2020,15,1,130
2020,15,2,298
2020,15,3,389
2020,16,0,436
2020,16,1,42
2020,16,2,151
2020,16,3,238
2020,17,0,7457
2020,17,1,854
2020,17,2,1685
2020,17,3,5741
2020,18,0,2910
2020,18,1,647
2020,18,2,559
2020,18,3,1031
2020,19,0,8009
2020,19,1,1087
2020,19,2,2191
2020,19,3,3497
2020,20,0,581
2020,20,1,62
2020,20,2,152
2020,20,3,166
2020,21,0,2804
2020,21,1,585
2020,21,2,950
2020,21,3,3528
2020,22,0,1114
2020,22,1,114
2020,22,2,181
2020,22,3,270
2020,23,0,244
2020,23,1,64
2020,23,2,43
2020,23,3,237
2020,24,0,6128
2020,24,1,683
2020,24,2,1163
2020,24,3,3088
2020,25,0,8838
2020,25,1,1391
2020,25,2,3068
2020,25,3,6054
2020,26,0,12596
2020,26,1,1199
2020,26,2,1917
2020,26,3,7249
2020,27,0,5674
2020,27,1,668
2020,27,2,733
2020,27,3,2085
2020,28,0,294
2020,28,1,43
2020,28,2,76
2020,28,3,300
2020,29,0,433
2020,29,1,30
2020,29,2,36
2020,29,3,91
2020,30,0,2656
2020,30,1,354
2020,30,2,870
2020,30,3,1945
2020,31,0,1730
2020,31,1,168
2020,31,2,272
2020,31,3,309
2020,32,0,10963
2020,32,1,1771
2020,32,2,3359
2020,32,3,5899
2020,33,0,259
2020,33,1,29
2020,33,2,92
2020,33,3,195
2020,35,0,5307
2020,35,1,941
2020,35,2,1392
2020,35,3,3991
2020,36,0,5791
2020,36,1,830
2020,36,2,1276
2020,36,3,4089
2020,37,0,8172
2020,37,1,1146
2020,37,2,1194
2020,37,3,3116
2020,38,0,283
2020,38,1,43
2020,38,2,66
2020,38,3,140
2020,39,0,1546
2020,39,1,137
2020,39,2,431
2020,39,3,620
2020,40,0,2182
2020,40,1,363
2020,40,2,483
2020,40,3,1809
2020,41,0,275
2020,41,1,26
2020,41,2,91
2020,41,3,120
2020,42,0,3741
2020,42,1,341
2020,42,2,1103
2020,42,3,3971
2020,43,0,4304
2020,43,1,638
2020,43,2,842
2020,43,3,2226
2020,44,0,17918
2020,44,1,1362
2020,44,2,7086
2020,44,3,10136
2020,45,0,7634
2020,45,1,795
2020,45,2,1354
2020,45,3,4570
2020,46,0,5624
2020,46,1,1009
2020,46,2,1480
2020,46,3,5655
2020,47,0,3896
2020,47,1,407
2020,47,2,855
2020,47,3,1414
2020,48,0,3392
2020,48,1,473
2020,48,2,519
2020,48,3,951
2020,49,0,1354
2020,49,1,116
2020,49,2,243
2020,49,3,557
2020,50,0,5367
2020,50,1,809
2020,50,2,1505
2020,50,3,5145
2020,51,0,3457
2020,51,1,632
2020,51,2,1164
2020,51,3,3150
2020,52,0,1278
2020,52,1,145
2020,52,2,453
2020,52,3,814
2020,53,0,5692
2020,53,1,851
2020,53,2,1839
2020,53,3,2949
2020,54,0,510
2020,54,1,53
2020,54,2,120
2020,54,3,269
2020,55,0,322
2020,55,1,60
2020,55,2,99
2020,55,3,191
2020,56,0,400
2020,56,1,71
2020,56,2,167
2020,56,3,257
2020,57,0,1105
2020,57,1,240
2020,57,2,217
2020,57,3,724
2020,58,0,680
2020,58,1,78
2020,58,2,217
2020,58,3,217
2020,59,0,5921
2020,59,1,726
2020,59,2,1860
2020,59,3,5067
2020,60,0,247
2020,60,1,33
2020,60,2,53
2020,60,3,182
2020,61,0,36
2020,61,1,6
2020,61,2,13
2020,61,3,67
2020,62,0,991
2020,62,1,199
2020,62,2,143
2020,62,3,410
2020,63,0,723
2020,63,1,59
2020,63,2,175
2020,63,3,203
2020,64,0,4559
2020,64,1,685
2020,64,2,1705
2020,64,3,4640
2020,65,0,280
2020,65,1,82
2020,65,2,54
2020,65,3,201
2020,66,0,652
2020,66,1,92
2020,66,2,197
2020,66,3,573
2020,67,0,1504
2020,67,1,189
2020,67,2,405
2020,67,3,393
2020,68,0,119
2020,68,1,13
2020,68,2,23
2020,68,3,64
2020,70,0,2143
2020,70,1,195
2020,70,2,349
2020,70,3,396
2020,71,0,2151
2020,71,1,223
2020,71,2,343
2020,71,3,618
2020,72,0,2855
2020,72,1,642
2020,72,2,401
2020,72,3,945
2020,73,0,77
2020,73,1,4
2020,73,2,34
2020,73,3,54
2020,74,0,3845
2020,74,1,581
2020,74,2,1077
2020,74,3,3843
2020,75,0,8287
2020,75,1,1715
2020,75,2,1869
2020,75,3,4921
2020,76,0,1972
2020,76,1,145
2020,76,2,538
2020,76,3,913
2020,77,0,9476
2020,77,1,958
2020,77,2,2211
2020,77,3,5618
2020,78,0,5966
2020,78,1,671
2020,78,2,1970
2020,78,3,5595
2020,79,0,4212
2020,79,1,683
2020,79,2,1267
2020,79,3,2597
2020,80,0,249
2020,80,1,50
2020,80,2,80
2020,80,3,126
2019,0,0,335
2019,0,1,40
2019,0,2,62
2019,0,3,133
2019,1,0,803
2019,1,1,94
2019,1,2,125
2019,1,3,240
2019,2,0,5568
2019,2,1,461
2019,2,2,568
2019,2,3,5145
2019,3,0,5270
2019,3,1,592
2019,3,2,456
2019,3,3,3196
2019,4,0,1326
2019,4,1,231
2019,4,2,201
2019,4,3,740
2019,5,0,2583
2019,5,1,289
2019,5,2,289
2019,5,3,1600
2019,6,0,1717
2019,6,1,335
2019,6,2,331
2019,6,3,2715
2019,7,0,764
2019,7,1,128
2019,7,2,114
2019,7,3,303
2019,8,0,3039
2019,8,1,358
2019,8,2,406
2019,8,3,4336
2019,9,0,10237
2019,9,1,1045
2019,9,2,994
2019,9,3,7515
2019,10,0,109
2019,10,1,15
2019,10,2,46
2019,10,3,130
2019,11,0,2233
2019,11,1,238
2019,11,2,238
2019,11,3,1253
2019,12,0,3119
2019,12,1,593
2019,12,2,472
2019,12,3,2454
2019,13,0,9867
2019,13,1,2441
2019,13,2,1521
2019,13,3,8703
2019,14,0,873
2019,14,1,117
2019,14,2,126
2019,14,3,295
2019,15,0,857
2019,15,1,118
2019,15,2,159
2019,15,3,515
2019,16,0,358
2019,16,1,48
2019,16,2,49
2019,16,3,191
2019,17,0,6210
2019,17,1,744
2019,17,2,653
2019,17,3,6916
2019,18,0,2745
2019,18,1,611
2019,18,2,367
2019,18,3,1172
2019,19,0,8433
2019,19,1,912
2019,19,2,1085
2019,19,3,4491
2019,20,0,479
2019,20,1,102
2019,20,2,83
2019,20,3,165
2019,21,0,2616
2019,21,1,502
2019,21,2,568
2019,21,3,3702
2019,22,0,1134
2019,22,1,102
2019,22,2,158
2019,22,3,280
2019,23,0,225
2019,23,1,54
2019,23,2,40
2019,23,3,331
2019,24,0,6450
2019,24,1,685
2019,24,2,878
2019,24,3,3440
2019,25,0,9202
2019,25,1,1480
2019,25,2,1284
2019,25,3,6950
2019,26,0,11352
2019,26,1,1117
2019,26,2,1275
2019,26,3,7961
2019,27,0,5070
2019,27,1,610
2019,27,2,476
2019,27,3,2680
2019,28,0,349
2019,28,1,76
2019,28,2,59
2019,28,3,386
2019,29,0,173
2019,29,1,28
2019,29,2,40
2019,29,3,89
2019,30,0,2859
2019,30,1,368
2019,30,2,585
2019,30,3,2413
2019,31,0,1349
2019,31,1,123
2019,31,2,198
2019,31,3,281
2019,32,0,10672
2019,32,1,1682
2019,32,2,1512
2019,32,3,7550
2019,33,0,274
2019,33,1,30
2019,33,2,47
2019,33,3,247
2019,35,0,5777
2019,35,1,905
2019,35,2,931
2019,35,3,4494
2019,36,0,5515
2019,36,1,916
2019,36,2,685
2019,36,3,4807
2019,37,0,8434
2019,37,1,1160
2019,37,2,736
2019,37,3,3674
2019,38,0,245
2019,38,1,19
2019,38,2,35
2019,38,3,177
2019,39,0,1261
2019,39,1,146
2019,39,2,155
2019,39,3,882
2019,40,0,2085
2019,40,1,340
2019,40,2,302
2019,40,3,2411
2019,41,0,262
2019,41,1,43
2019,41,2,39
2019,41,3,128
2019,42,0,4059
2019,42,1,338
2019,42,2,546
2019,42,3,3958
2019,43,0,4277
2019,43,1,613
2019,43,2,628
2019,43,3,2645
2019,44,0,17709
2019,44,1,1416
2019,44,2,4334
2019,44,3,12887
2019,45,0,6516
2019,45,1,695
2019,45,2,495
2019,45,3,4906
2019,46,0,6258
2019,46,1,1026
2019,46,2,768
2019,46,3,6316
2019,47,0,4281
2019,47,1,541
2019,47,2,712
2019,47,3,1891
2019,48,0,2955
2019,48,1,461
2019,48,2,268
2019,48,3,1135
2019,49,0,1469
2019,49,1,155
2019,49,2,137
2019,49,3,780
2019,50,0,4661
2019,50,1,733
2019,50,2,795
2019,50,3,5500
2019,51,0,3546
2019,51,1,571
2019,51,2,599
2019,51,3,3564
2019,52,0,1022
2019,52,1,129
2019,52,2,97
2019,52,3,879
2019,53,0,5169
2019,53,1,738
2019,53,2,1114
2019,53,3,4190
2019,54,0,657
2019,54,1,75
2019,54,2,106
2019,54,3,386
2019,55,0,385
2019,55,1,58
2019,55,2,71
2019,55,3,169
2019,56,0,353
2019,56,1,90
2019,56,2,108
2019,56,3,258
2019,57,0,1027
2019,57,1,241
2019,57,2,131
2019,57,3,834
2019,58,0,647
2019,58,1,107
2019,58,2,96
2019,58,3,254
2019,59,0,5309
2019,59,1,680
2019,59,2,915
2019,59,3,5645
2019,60,0,343
2019,60,1,34
2019,60,2,82
2019,60,3,195
2019,61,0,30
2019,61,1,7
2019,61,2,8
2019,61,3,71
2019,62,0,982
2019,62,1,137
2019,62,2,90
2019,62,3,520
2019,63,0,710
2019,63,1,76
2019,63,2,128
2019,63,3,301
2019,64,0,4689
2019,64,1,644
2019,64,2,889
2019,64,3,5530
2019,65,0,309
2019,65,1,59
2019,65,2,50
2019,65,3,211
2019,66,0,504
2019,66,1,100
2019,66,2,101
2019,66,3,540
2019,67,0,1646
2019,67,1,174
2019,67,2,281
2019,67,3,524
2019,68,0,125
2019,68,1,7
2019,68,2,19
2019,68,3,63
2019,70,0,1533
2019,70,1,213
2019,70,2,225
2019,70,3,550
2019,71,0,2124
2019,71,1,248
2019,71,2,307
2019,71,3,773
2019,72,0,2637
2019,72,1,637
2019,72,2,321
2019,72,3,994
2019,73,0,106
2019,73,1,11
2019,73,2,8
2019,73,3,43
2019,74,0,3601
2019,74,1,512
2019,74,2,494
2019,74,3,4615
2019,75,0,7872
2019,75,1,1676
2019,75,2,885
2019,75,3,6039
2019,76,0,2128
2019,76,1,141
2019,76,2,251
2019,76,3,1225
2019,77,0,8220
2019,77,1,913
2019,77,2,1122
2019,77,3,6500
2019,78,0,5112
2019,78,1,655
2019,78,2,897
2019,78,3,6840
2019,79,0,4815
2019,79,1,663
2019,79,2,640
2019,79,3,3060
2019,80,0,309
2019,80,1,36
2019,80,2,37
2019,80,3,95
2018,0,0,393
2018,0,1,32
2018,0,2,46
2018,0,3,108
2018,1,0,905
2018,1,1,84
2018,1,2,142
2018,1,3,218
2018,2,0,5722
2018,2,1,508
2018,2,2,623
2018,2,3,4012
2018,3,0,5179
2018,3,1,453
2018,3,2,388
2018,3,3,3383
2018,4,0,1197
2018,4,1,176
2018,4,2,200
2018,4,3,638
2018,5,0,2622
2018,5,1,273
2018,5,2,295
2018,5,3,1301
2018,6,0,1670
2018,6,1,385
2018,6,2,349
2018,6,3,2282
2018,7,0,690
2018,7,1,113
2018,7,2,107
2018,7,3,281
2018,8,0,2313
2018,8,1,344
2018,8,2,403
2018,8,3,3882
2018,9,0,10197
2018,9,1,845
2018,9,2,832
2018,9,3,7177
2018,10,0,101
2018,10,1,15
2018,10,2,27
2018,10,3,93
2018,11,0,2026
2018,11,1,213
2018,11,2,215
2018,11,3,1353
2018,12,0,2895
2018,12,1,447
2018,12,2,485
2018,12,3,2221
2018,13,0,9424
2018,13,1,2143
2018,13,2,1475
2018,13,3,7979
2018,14,0,773
2018,14,1,138
2018,14,2,138
2018,14,3,245
2018,15,0,842
2018,15,1,133
2018,15,2,136
2018,15,3,485
2018,16,0,408
2018,16,1,36
2018,16,2,59
2018,16,3,212
2018,17,0,6914
2018,17,1,728
2018,17,2,645
2018,17,3,6949
2018,18,0,2785
2018,18,1,528
2018,18,2,376
2018,18,3,818
2018,19,0,8396
2018,19,1,794
2018,19,2,1193
2018,19,3,4488
2018,20,0,468
2018,20,1,69
2018,20,2,50
2018,20,3,163
2018,21,0,2380
2018,21,1,464
2018,21,2,587
2018,21,3,3039
2018,22,0,739
2018,22,1,111
2018,22,2,153
2018,22,3,340
2018,23,0,269
2018,23,1,41
2018,23,2,48
2018,23,3,326
2018,24,0,6423
2018,24,1,549
2018,24,2,861
2018,24,3,2716
2018,25,0,9060
2018,25,1,1301
2018,25,2,1328
2018,25,3,6602
2018,26,0,10395
2018,26,1,1051
2018,26,2,1247
2018,26,3,8073
2018,27,0,5220
2018,27,1,498
2018,27,2,551
2018,27,3,2475
2018,28,0,269
2018,28,1,50
2018,28,2,56
2018,28,3,365
2018,29,0,205
2018,29,1,40
2018,29,2,41
2018,29,3,65
2018,30,0,3355
2018,30,1,353
2018,30,2,338
2018,30,3,2190
2018,31,0,2235
2018,31,1,174
2018,31,2,237
2018,31,3,375
2018,32,0,10265
2018,32,1,1579
2018,32,2,1249
2018,32,3,7609
2018,33,0,217
2018,33,1,21
2018,33,2,47
2018,33,3,166
2018,35,0,4981
2018,35,1,835
2018,35,2,881
2018,35,3,4308
2018,36,0,5526
2018,36,1,792
2018,36,2,766
2018,36,3,3722
2018,37,0,9655
2018,37,1,1024
2018,37,2,773
2018,37,3,3151
2018,38,0,247
2018,38,1,36
2018,38,2,26
2018,38,3,181
2018,39,0,1228
2018,39,1,154
2018,39,2,161
2018,39,3,788
2018,40,0,1867
2018,40,1,287
2018,40,2,236
2018,40,3,1972
2018,41,0,267
2018,41,1,37
2018,41,2,35
2018,41,3,141
2018,42,0,3501
2018,42,1,359
2018,42,2,485
2018,42,3,4089
2018,43,0,4587
2018,43,1,596
2018,43,2,590
2018,43,3,2330
2018,44,0,18421
2018,44,1,1441
2018,44,2,4455
2018,44,3,11854
2018,45,0,5342
2018,45,1,682
2018,45,2,469
2018,45,3,4187
2018,46,0,5691
2018,46,1,1065
2018,46,2,783
2018,46,3,7017
2018,47,0,4323
2018,47,1,377
2018,47,2,733
2018,47,3,1895
2018,48,0,2484
2018,48,1,422
2018,48,2,325
2018,48,3,1083
2018,49,0,1278
2018,49,1,137
2018,49,2,120
2018,49,3,580
2018,50,0,3928
2018,50,1,675
2018,50,2,627
2018,50,3,5102
2018,51,0,3734
2018,51,1,557
2018,51,2,560
2018,51,3,3762
2018,52,0,1289
2018,52,1,147
2018,52,2,135
2018,52,3,869
2018,53,0,5421
2018,53,1,576
2018,53,2,1167
2018,53,3,3633
2018,54,0,489
2018,54,1,59
2018,54,2,68
2018,54,3,263
2018,55,0,261
2018,55,1,51
2018,55,2,53
2018,55,3,165
2018,56,0,319
2018,56,1,92
2018,56,2,89
2018,56,3,215
2018,57,0,856
2018,57,1,194
2018,57,2,155
2018,57,3,902
2018,58,0,528
2018,58,1,106
2018,58,2,129
2018,58,3,225
2018,59,0,5706
2018,59,1,680
2018,59,2,1029
2018,59,3,5682
2018,60,0,271
2018,60,1,32
2018,60,2,33
2018,60,3,165
2018,61,0,224
2018,61,1,6
2018,61,2,8
2018,61,3,65
2018,62,0,893
2018,62,1,106
2018,62,2,109
2018,62,3,337
2018,63,0,1028
2018,63,1,133
2018,63,2,165
2018,63,3,236
2018,64,0,4721
2018,64,1,476
2018,64,2,1027
2018,64,3,4558
2018,65,0,304
2018,65,1,59
2018,65,2,44
2018,65,3,197
2018,66,0,561
2018,66,1,93
2018,66,2,84
2018,66,3,447
2018,67,0,1663
2018,67,1,182
2018,67,2,203
2018,67,3,478
2018,68,0,87
2018,68,1,11
2018,68,2,19
2018,68,3,95
2018,70,0,1438
2018,70,1,178
2018,70,2,291
2018,70,3,481
2018,71,0,2588
2018,71,1,281
2018,71,2,359
2018,71,3,722
2018,72,0,2372
2018,72,1,437
2018,72,2,295
2018,72,3,900
2018,73,0,76
2018,73,1,12
2018,73,2,28
2018,73,3,50
2018,74,0,3740
2018,74,1,423
2018,74,2,492
2018,74,3,3538
2018,75,0,7371
2018,75,1,1503
2018,75,2,872
2018,75,3,5869
2018,76,0,1875
2018,76,1,112
2018,76,2,293
2018,76,3,927
2018,77,0,7345
2018,77,1,833
2018,77,2,922
2018,77,3,5362
2018,78,0,5080
2018,78,1,561
2018,78,2,842
2018,78,3,7200
2018,79,0,4061
2018,79,1,651
2018,79,2,612
2018,79,3,2334
2018,80,0,293
2018,80,1,52
2018,80,2,43
2018,80,3,115
2017,0,0,293
2017,0,1,30
2017,0,2,47
2017,0,3,84
2017,1,0,812
2017,1,1,91
2017,1,2,121
2017,1,3,231
2017,2,0,5554
2017,2,1,469
2017,2,2,619
2017,2,3,4941
2017,3,0,4966
2017,3,1,496
2017,3,2,406
2017,3,3,3787
2017,4,0,1461
2017,4,1,222
2017,4,2,219
2017,4,3,672
2017,5,0,2115
2017,5,1,294
2017,5,2,305
2017,5,3,1037
2017,6,0,1675
2017,6,1,369
2017,6,2,394
2017,6,3,2323
2017,7,0,731
2017,7,1,132
2017,7,2,111
2017,7,3,320
2017,8,0,2785
2017,8,1,320
2017,8,2,473
2017,8,3,3735
2017,9,0,8982
2017,9,1,695
2017,9,2,750
2017,9,3,6716
2017,10,0,103
2017,10,1,14
2017,10,2,19
2017,10,3,63
2017,11,0,1927
2017,11,1,137
2017,11,2,252
2017,11,3,1061
2017,12,0,2748
2017,12,1,437
2017,12,2,467
2017,12,3,2164
2017,13,0,10451
2017,13,1,1823
2017,13,2,1522
2017,13,3,7427
2017,14,0,986
2017,14,1,109
2017,14,2,112
2017,14,3,245
2017,15,0,851
2017,15,1,125
2017,15,2,137
2017,15,3,629
2017,16,0,630
2017,16,1,44
2017,16,2,99
2017,16,3,254
2017,17,0,6685
2017,17,1,644
2017,17,2,634
2017,17,3,6828
2017,18,0,2308
2017,18,1,477
2017,18,2,373
2017,18,3,806
2017,19,0,8280
2017,19,1,688
2017,19,2,1318
2017,19,3,3990
2017,20,0,328
2017,20,1,46
2017,20,2,41
2017,20,3,154
2017,21,0,2620
2017,21,1,447
2017,21,2,533
2017,21,3,3221
2017,22,0,966
2017,22,1,90
2017,22,2,141
2017,22,3,442
2017,23,0,354
2017,23,1,43
2017,23,2,38
2017,23,3,253
2017,24,0,5937
2017,24,1,444
2017,24,2,749
2017,24,3,2586
2017,25,0,9173
2017,25,1,1279
2017,25,2,1371
2017,25,3,6270
2017,26,0,11702
2017,26,1,936
2017,26,2,1154
2017,26,3,9154
2017,27,0,4658
2017,27,1,439
2017,27,2,651
2017,27,3,2298
2017,28,0,463
2017,28,1,50
2017,28,2,35
2017,28,3,338
2017,29,0,211
2017,29,1,40
2017,29,2,33
2017,29,3,101
2017,30,0,2912
2017,30,1,340
2017,30,2,335
2017,30,3,2483
2017,31,0,1639
2017,31,1,173
2017,31,2,204
2017,31,3,377
2017,32,0,9615
2017,32,1,1380
2017,32,2,1125
2017,32,3,8096
2017,33,0,251
2017,33,1,28
2017,33,2,48
2017,33,3,164
2017,35,0,5491
2017,35,1,707
2017,35,2,779
2017,35,3,3732
2017,36,0,5792
2017,36,1,746
2017,36,2,562
2017,36,3,4178
2017,37,0,8763
2017,37,1,1000
2017,37,2,950
2017,37,3,2623
2017,38,0,161
2017,38,1,27
2017,38,2,25
2017,38,3,134
2017,39,0,1139
2017,39,1,122
2017,39,2,150
2017,39,3,717
2017,40,0,2150
2017,40,1,295
2017,40,2,279
2017,40,3,2179
2017,41,0,335
2017,41,1,36
2017,41,2,53
2017,41,3,240
2017,42,0,3480
2017,42,1,290
2017,42,2,470
2017,42,3,3782
2017,43,0,4460
2017,43,1,572
2017,43,2,535
2017,43,3,2721
2017,44,0,18748
2017,44,1,1330
2017,44,2,4083
2017,44,3,12321
2017,45,0,5351
2017,45,1,551
2017,45,2,394
2017,45,3,4335
2017,46,0,4765
2017,46,1,940
2017,46,2,618
2017,46,3,6421
2017,47,0,3787
2017,47,1,350
2017,47,2,782
2017,47,3,1577
2017,48,0,2575
2017,48,1,370
2017,48,2,317
2017,48,3,1139
2017,49,0,1175
2017,49,1,145
2017,49,2,163
2017,49,3,441
2017,50,0,4985
2017,50,1,558
2017,50,2,569
2017,50,3,5003
2017,51,0,3792
2017,51,1,550
2017,51,2,550
2017,51,3,3713
2017,52,0,1077
2017,52,1,157
2017,52,2,127
2017,52,3,785
2017,53,0,5125
2017,53,1,634
2017,53,2,1427
2017,53,3,3729
2017,54,0,568
2017,54,1,58
2017,54,2,97
2017,54,3,284
2017,55,0,302
2017,55,1,64
2017,55,2,62
2017,55,3,194
2017,56,0,337
2017,56,1,60
2017,56,2,89
2017,56,3,231
2017,57,0,959
2017,57,1,174
2017,57,2,140
2017,57,3,1052
2017,58,0,585
2017,58,1,79
2017,58,2,168
2017,58,3,222
2017,59,0,5396
2017,59,1,568
2017,59,2,988
2017,59,3,5557
2017,60,0,257
2017,60,1,48
2017,60,2,37
2017,60,3,185
2017,61,0,38
2017,61,1,8
2017,61,2,7
2017,61,3,80
2017,62,0,890
2017,62,1,100
2017,62,2,118
2017,62,3,334
2017,63,0,797
2017,63,1,87
2017,63,2,135
2017,63,3,260
2017,64,0,4175
2017,64,1,419
2017,64,2,951
2017,64,3,4335
2017,65,0,290
2017,65,1,52
2017,65,2,46
2017,65,3,179
2017,66,0,377
2017,66,1,81
2017,66,2,111
2017,66,3,597
2017,67,0,1662
2017,67,1,165
2017,67,2,207
2017,67,3,380
2017,68,0,108
2017,68,1,16
2017,68,2,22
2017,68,3,71
2017,70,0,1370
2017,70,1,160
2017,70,2,278
2017,70,3,538
2017,71,0,2134
2017,71,1,237
2017,71,2,368
2017,71,3,743
2017,72,0,1943
2017,72,1,453
2017,72,2,282
2017,72,3,988
2017,73,0,109
2017,73,1,9
2017,73,2,17
2017,73,3,53
2017,74,0,3504
2017,74,1,419
2017,74,2,493
2017,74,3,3884
2017,75,0,7790
2017,75,1,1147
2017,75,2,734
2017,75,3,5909
2017,76,0,2013
2017,76,1,131
2017,76,2,281
2017,76,3,871
2017,77,0,7378
2017,77,1,602
2017,77,2,728
2017,77,3,5521
2017,78,0,5676
2017,78,1,535
2017,78,2,875
2017,78,3,6195
2017,79,0,4799
2017,79,1,570
2017,79,2,467
2017,79,3,2373
2017,80,0,257
2017,80,1,30
2017,80,2,32
2017,80,3,159
2016,0,0,230
2016,0,1,30
2016,0,2,47
2016,0,3,80
2016,1,0,735
2016,1,1,96
2016,1,2,117
2016,1,3,231
2016,2,0,5410
2016,2,1,489
2016,2,2,839
2016,2,3,5351
2016,3,0,4760
2016,3,1,519
2016,3,2,509
2016,3,3,4285
2016,4,0,1556
2016,4,1,297
2016,4,2,256
2016,4,3,839
2016,5,0,2434
2016,5,1,240
2016,5,2,327
2016,5,3,1142
2016,6,0,1861
2016,6,1,365
2016,6,2,433
2016,6,3,2736
2016,7,0,920
2016,7,1,141
2016,7,2,209
2016,7,3,334
2016,8,0,2671
2016,8,1,392
2016,8,2,469
2016,8,3,4865
2016,9,0,9342
2016,9,1,668
2016,9,2,844
2016,9,3,8289
2016,10,0,125
2016,10,1,17
2016,10,2,23
2016,10,3,65
2016,11,0,2191
2016,11,1,192
2016,11,2,272
2016,11,3,1195
2016,12,0,3216
2016,12,1,596
2016,12,2,523
2016,12,3,2894
2016,13,0,9905
2016,13,1,2103
2016,13,2,1684
2016,13,3,10384
2016,14,0,936
2016,14,1,129
2016,14,2,92
2016,14,3,350
2016,15,0,1157
2016,15,1,123
2016,15,2,194
2016,15,3,522
2016,16,0,520
2016,16,1,53
2016,16,2,51
2016,16,3,335
2016,17,0,7171
2016,17,1,760
2016,17,2,713
2016,17,3,8209
2016,18,0,2224
2016,18,1,497
2016,18,2,380
2016,18,3,1057
2016,19,0,9566
2016,19,1,738
2016,19,2,1347
2016,19,3,5257
2016,20,0,321
2016,20,1,50
2016,20,2,70
2016,20,3,171
2016,21,0,2871
2016,21,1,531
2016,21,2,561
2016,21,3,3558
2016,22,0,860
2016,22,1,130
2016,22,2,112
2016,22,3,571
2016,23,0,329
2016,23,1,60
2016,23,2,59
2016,23,3,417
2016,24,0,6213
2016,24,1,595
2016,24,2,710
2016,24,3,3335
2016,25,0,9976
2016,25,1,1442
2016,25,2,1341
2016,25,3,7876
2016,26,0,9806
2016,26,1,1136
2016,26,2,1172
2016,26,3,10848
2016,27,0,4781
2016,27,1,451
2016,27,2,663
2016,27,3,2504
2016,28,0,329
2016,28,1,40
2016,28,2,49
2016,28,3,499
2016,29,0,236
2016,29,1,32
2016,29,2,42
2016,29,3,60
2016,30,0,3152
2016,30,1,401
2016,30,2,380
2016,30,3,2764
2016,31,0,1834
2016,31,1,182
2016,31,2,244
2016,31,3,564
2016,32,0,10962
2016,32,1,1396
2016,32,2,1163
2016,32,3,10123
2016,33,0,193
2016,33,1,25
2016,33,2,45
2016,33,3,133
2016,35,0,5408
2016,35,1,766
2016,35,2,923
2016,35,3,4471
2016,36,0,5701
2016,36,1,626
2016,36,2,670
2016,36,3,5135
2016,37,0,8720
2016,37,1,1155
2016,37,2,989
2016,37,3,3616
2016,38,0,218
2016,38,1,60
2016,38,2,42
2016,38,3,158
2016,39,0,1499
2016,39,1,117
2016,39,2,167
2016,39,3,673
2016,40,0,1937
2016,40,1,284
2016,40,2,269
2016,40,3,2524
2016,41,0,334
2016,41,1,42
2016,41,2,57
2016,41,3,185
2016,42,0,4331
2016,42,1,326
2016,42,2,482
2016,42,3,4000
2016,43,0,5124
2016,43,1,507
2016,43,2,505
2016,43,3,3063
2016,44,0,18703
2016,44,1,1466
2016,44,2,4158
2016,44,3,13559
2016,45,0,5870
2016,45,1,517
2016,45,2,461
2016,45,3,5205
2016,46,0,5408
2016,46,1,881
2016,46,2,554
2016,46,3,8023
2016,47,0,3373
2016,47,1,384
2016,47,2,780
2016,47,3,1981
2016,48,0,2618
2016,48,1,454
2016,48,2,314
2016,48,3,1324
2016,49,0,1195
2016,49,1,98
2016,49,2,177
2016,49,3,474
2016,50,0,5671
2016,50,1,595
2016,50,2,598
2016,50,3,5671
2016,51,0,3725
2016,51,1,643
2016,51,2,524
2016,51,3,4726
2016,52,0,1217
2016,52,1,145
2016,52,2,153
2016,52,3,1019
2016,53,0,5614
2016,53,1,708
2016,53,2,1439
2016,53,3,4245
2016,54,0,622
2016,54,1,87
2016,54,2,101
2016,54,3,444
2016,55,0,313
2016,55,1,63
2016,55,2,54
2016,55,3,216
2016,56,0,312
2016,56,1,58
2016,56,2,91
2016,56,3,254
2016,57,0,1450
2016,57,1,188
2016,57,2,131
2016,57,3,1405
2016,58,0,820
2016,58,1,120
2016,58,2,141
2016,58,3,265
2016,59,0,5357
2016,59,1,619
2016,59,2,985
2016,59,3,6640
2016,60,0,250
2016,60,1,42
2016,60,2,44
2016,60,3,225
2016,61,0,47
2016,61,1,6
2016,61,2,6
2016,61,3,84
2016,62,0,833
2016,62,1,131
2016,62,2,106
2016,62,3,433
2016,63,0,860
2016,63,1,108
2016,63,2,103
2016,63,3,279
2016,64,0,4585
2016,64,1,477
2016,64,2,884
2016,64,3,5644
2016,65,0,383
2016,65,1,48
2016,65,2,36
2016,65,3,211
2016,66,0,544
2016,66,1,71
2016,66,2,90
2016,66,3,647
2016,67,0,1327
2016,67,1,172
2016,67,2,271
2016,67,3,454
2016,68,0,135
2016,68,1,18
2016,68,2,32
2016,68,3,58
2016,70,0,1604
2016,70,1,192
2016,70,2,256
2016,70,3,542
2016,71,0,1909
2016,71,1,251
2016,71,2,276
2016,71,3,803
2016,72,0,2757
2016,72,1,446
2016,72,2,347
2016,72,3,1197
2016,73,0,112
2016,73,1,14
2016,73,2,23
2016,73,3,38
2016,74,0,3197
2016,74,1,399
2016,74,2,493
2016,74,3,3899
2016,75,0,6788
2016,75,1,1156
2016,75,2,709
2016,75,3,8013
2016,76,0,1963
2016,76,1,120
2016,76,2,288
2016,76,3,939
2016,77,0,6898
2016,77,1,659
2016,77,2,727
2016,77,3,7096
2016,78,0,5652
2016,78,1,562
2016,78,2,778
2016,78,3,7012
2016,79,0,4886
2016,79,1,594
2016,79,2,527
2016,79,3,2910
2016,80,0,242
2016,80,1,50
2016,80,2,35
2016,80,3,113
2015,0,0,271
2015,0,1,40
2015,0,2,59
2015,0,3,119
2015,1,0,725
2015,1,1,83
2015,1,2,146
2015,1,3,303
2015,2,0,5128
2015,2,1,451
2015,2,2,1000
2015,2,3,4728
2015,3,0,4551
2015,3,1,471
2015,3,2,880
2015,3,3,3324
2015,4,0,1559
2015,4,1,258
2015,4,2,296
2015,4,3,673
2015,5,0,2308
2015,5,1,279
2015,5,2,291
2015,5,3,893
2015,6,0,1523
2015,6,1,281
2015,6,2,415
2015,6,3,2286
2015,7,0,620
2015,7,1,145
2015,7,2,116
2015,7,3,269
2015,8,0,2537
2015,8,1,357
2015,8,2,433
2015,8,3,4130
2015,9,0,9602
2015,9,1,739
2015,9,2,827
2015,9,3,8060
2015,10,0,99
2015,10,1,14
2015,10,2,11
2015,10,3,98
2015,11,0,1651
2015,11,1,161
2015,11,2,235
2015,11,3,1021
2015,12,0,3896
2015,12,1,586
2015,12,2,553
2015,12,3,2281
2015,13,0,10074
2015,13,1,1659
2015,13,2,1371
2015,13,3,7925
2015,14,0,826
2015,14,1,91
2015,14,2,89
2015,14,3,258
2015,15,0,953
2015,15,1,113
2015,15,2,157
2015,15,3,454
2015,16,0,332
2015,16,1,63
2015,16,2,49
2015,16,3,237
2015,17,0,6844
2015,17,1,709
2015,17,2,728
2015,17,3,7058
2015,18,0,2147
2015,18,1,500
2015,18,2,389
2015,18,3,1157
2015,19,0,8235
2015,19,1,738
2015,19,2,1290
2015,19,3,4558
2015,20,0,328
2015,20,1,37
2015,20,2,57
2015,20,3,165
2015,21,0,2387
2015,21,1,411
2015,21,2,527
2015,21,3,3163
2015,22,0,851
2015,22,1,104
2015,22,2,139
2015,22,3,489
2015,23,0,221
2015,23,1,42
2015,23,2,43
2015,23,3,366
2015,24,0,4416
2015,24,1,521
2015,24,2,806
2015,24,3,2668
2015,25,0,10638
2015,25,1,1078
2015,25,2,1361
2015,25,3,6401
2015,26,0,9695
2015,26,1,968
2015,26,2,1478
2015,26,3,8707
2015,27,0,4297
2015,27,1,438
2015,27,2,562
2015,27,3,2353
2015,28,0,374
2015,28,1,41
2015,28,2,57
2015,28,3,353
2015,29,0,135
2015,29,1,17
2015,29,2,31
2015,29,3,36
2015,30,0,3170
2015,30,1,334
2015,30,2,426
2015,30,3,2967
2015,31,0,2030
2015,31,1,215
2015,31,2,259
2015,31,3,539
2015,32,0,9815
2015,32,1,1164
2015,32,2,1181
2015,32,3,8331
2015,33,0,242
2015,33,1,20
2015,33,2,45
2015,33,3,204
2015,35,0,5247
2015,35,1,727
2015,35,2,908
2015,35,3,4143
2015,36,0,5195
2015,36,1,638
2015,36,2,590
2015,36,3,3698
2015,37,0,8331
2015,37,1,1065
2015,37,2,1027
2015,37,3,2847
2015,38,0,225
2015,38,1,22
2015,38,2,36
2015,38,3,141
2015,39,0,1083
2015,39,1,137
2015,39,2,168
2015,39,3,738
2015,40,0,1741
2015,40,1,274
2015,40,2,313
2015,40,3,2054
2015,41,0,188
2015,41,1,24
2015,41,2,48
2015,41,3,154
2015,42,0,3960
2015,42,1,293
2015,42,2,550
2015,42,3,3875
2015,43,0,4179
2015,43,1,422
2015,43,2,522
2015,43,3,2656
2015,44,0,17406
2015,44,1,1278
2015,44,2,4401
2015,44,3,11331
2015,45,0,5063
2015,45,1,516
2015,45,2,454
2015,45,3,4978
2015,46,0,5332
2015,46,1,847
2015,46,2,625
2015,46,3,7235
2015,47,0,3145
2015,47,1,364
2015,47,2,696
2015,47,3,1961
2015,48,0,2313
2015,48,1,439
2015,48,2,313
2015,48,3,1053
2015,49,0,811
2015,49,1,98
2015,49,2,209
2015,49,3,419
2015,50,0,4242
2015,50,1,472
2015,50,2,606
2015,50,3,4777
2015,51,0,4235
2015,51,1,533
2015,51,2,622
2015,51,3,4231
2015,52,0,1086
2015,52,1,122
2015,52,2,171
2015,52,3,798
2015,53,0,5283
2015,53,1,752
2015,53,2,1222
2015,53,3,3790
2015,54,0,509
2015,54,1,91
2015,54,2,98
2015,54,3,265
2015,55,0,339
2015,55,1,41
2015,55,2,40
2015,55,3,166
2015,56,0,245
2015,56,1,75
2015,56,2,56
2015,56,3,271
2015,57,0,1549
2015,57,1,197
2015,57,2,153
2015,57,3,1123
2015,58,0,629
2015,58,1,133
2015,58,2,116
2015,58,3,272
2015,59,0,4753
2015,59,1,666
2015,59,2,1186
2015,59,3,5827
2015,60,0,204
2015,60,1,36
2015,60,2,33
2015,60,3,223
2015,61,0,45
2015,61,1,4
2015,61,2,15
2015,61,3,111
2015,62,0,838
2015,62,1,90
2015,62,2,96
2015,62,3,319
2015,63,0,703
2015,63,1,80
2015,63,2,119
2015,63,3,247
2015,64,0,4197
2015,64,1,422
2015,64,2,845
2015,64,3,4641
2015,65,0,254
2015,65,1,47
2015,65,2,30
2015,65,3,175
2015,66,0,590
2015,66,1,71
2015,66,2,126
2015,66,3,753
2015,67,0,1450
2015,67,1,154
2015,67,2,286
2015,67,3,378
2015,68,0,82
2015,68,1,12
2015,68,2,25
2015,68,3,75
2015,70,0,1388
2015,70,1,178
2015,70,2,369
2015,70,3,475
2015,71,0,1604
2015,71,1,172
2015,71,2,293
2015,71,3,729
2015,72,0,2414
2015,72,1,446
2015,72,2,342
2015,72,3,1194
2015,73,0,93
2015,73,1,13
2015,73,2,22
2015,73,3,29
2015,74,0,4148
2015,74,1,306
2015,74,2,448
2015,74,3,3459
2015,75,0,5978
2015,75,1,1115
2015,75,2,615
2015,75,3,6023
2015,76,0,2126
2015,76,1,165
2015,76,2,250
2015,76,3,1013
2015,77,0,6414
2015,77,1,591
2015,77,2,637
2015,77,3,6673
2015,78,0,5729
2015,78,1,526
2015,78,2,876
2015,78,3,5823
2015,79,0,4283
2015,79,1,596
2015,79,2,548
2015,79,3,2482
2015,80,0,251
2015,80,1,45
2015,80,2,43
2015,80,3,120
2014,0,0,307
2014,0,1,23
2014,0,2,56
2014,0,3,81
2014,1,0,520
2014,1,1,81
2014,1,2,168
2014,1,3,249
2014,2,0,4913
2014,2,1,559
2014,2,2,1088
2014,2,3,3661
2014,3,0,4416
2014,3,1,473
2014,3,2,617
2014,3,3,3426
2014,4,0,1238
2014,4,1,265
2014,4,2,321
2014,4,3,748
2014,5,0,2358
2014,5,1,239
2014,5,2,410
2014,5,3,803
2014,6,0,1604
2014,6,1,261
2014,6,2,442
2014,6,3,1953
2014,7,0,670
2014,7,1,93
2014,7,2,111
2014,7,3,290
2014,8,0,2145
2014,8,1,323
2014,8,2,452
2014,8,3,3869
2014,9,0,8212
2014,9,1,737
2014,9,2,799
2014,9,3,7618
2014,10,0,91
2014,10,1,14
2014,10,2,36
2014,10,3,75
2014,11,0,1269
2014,11,1,133
2014,11,2,373
2014,11,3,1173
2014,12,0,2706
2014,12,1,441
2014,12,2,624
2014,12,3,1824
2014,13,0,7696
2014,13,1,1584
2014,13,2,1609
2014,13,3,6722
2014,14,0,602
2014,14,1,109
2014,14,2,108
2014,14,3,278
2014,15,0,771
2014,15,1,170
2014,15,2,197
2014,15,3,396
2014,16,0,335
2014,16,1,73
2014,16,2,50
2014,16,3,213
2014,17,0,5950
2014,17,1,662
2014,17,2,857
2014,17,3,7011
2014,18,0,1886
2014,18,1,527
2014,18,2,437
2014,18,3,1063
2014,19,0,8468
2014,19,1,764
2014,19,2,1657
2014,19,3,4001
2014,20,0,291
2014,20,1,35
2014,20,2,83
2014,20,3,137
2014,21,0,1759
2014,21,1,336
2014,21,2,533
2014,21,3,2724
2014,22,0,819
2014,22,1,105
2014,22,2,186
2014,22,3,620
2014,23,0,170
2014,23,1,46
2014,23,2,33
2014,23,3,328
2014,24,0,4741
2014,24,1,480
2014,24,2,1053
2014,24,3,2354
2014,25,0,8051
2014,25,1,1112
2014,25,2,1512
2014,25,3,5285
2014,26,0,7239
2014,26,1,881
2014,26,2,1618
2014,26,3,8771
2014,27,0,3591
2014,27,1,399
2014,27,2,674
2014,27,3,2597
2014,28,0,254
2014,28,1,47
2014,28,2,55
2014,28,3,260
2014,29,0,129
2014,29,1,20
2014,29,2,31
2014,29,3,48
2014,30,0,3046
2014,30,1,427
2014,30,2,526
2014,30,3,3026
2014,31,0,1345
2014,31,1,228
2014,31,2,311
2014,31,3,495
2014,32,0,8474
2014,32,1,978
2014,32,2,1087
2014,32,3,7221
2014,33,0,213
2014,33,1,22
2014,33,2,55
2014,33,3,151
2014,35,0,4364
2014,35,1,640
2014,35,2,965
2014,35,3,3497
2014,36,0,4553
2014,36,1,595
2014,36,2,754
2014,36,3,3638
2014,37,0,7225
2014,37,1,954
2014,37,2,1143
2014,37,3,2561
2014,38,0,373
2014,38,1,23
2014,38,2,40
2014,38,3,95
2014,39,0,1059
2014,39,1,145
2014,39,2,161
2014,39,3,723
2014,40,0,1614
2014,40,1,249
2014,40,2,351
2014,40,3,1812
2014,41,0,251
2014,41,1,44
2014,41,2,79
2014,41,3,197
2014,42,0,3470
2014,42,1,333
2014,42,2,789
2014,42,3,3563
2014,43,0,3839
2014,43,1,396
2014,43,2,694
2014,43,3,2833
2014,44,0,16351
2014,44,1,1159
2014,44,2,5499
2014,44,3,10054
2014,45,0,4391
2014,45,1,539
2014,45,2,505
2014,45,3,4391
2014,46,0,4352
2014,46,1,798
2014,46,2,739
2014,46,3,6807
2014,47,0,2765
2014,47,1,348
2014,47,2,794
2014,47,3,2028
2014,48,0,1730
2014,48,1,365
2014,48,2,309
2014,48,3,885
2014,49,0,738
2014,49,1,87
2014,49,2,199
2014,49,3,399
2014,50,0,3705
2014,50,1,456
2014,50,2,546
2014,50,3,4441
2014,51,0,3524
2014,51,1,439
2014,51,2,655
2014,51,3,3865
2014,52,0,824
2014,52,1,179
2014,52,2,148
2014,52,3,770
2014,53,0,4899
2014,53,1,822
2014,53,2,1311
2014,53,3,3409
2014,54,0,583
2014,54,1,45
2014,54,2,107
2014,54,3,277
2014,55,0,302
2014,55,1,56
2014,55,2,70
2014,55,3,218
2014,56,0,331
2014,56,1,59
2014,56,2,96
2014,56,3,185
2014,57,0,820
2014,57,1,187
2014,57,2,127
2014,57,3,917
2014,58,0,473
2014,58,1,112
2014,58,2,141
2014,58,3,210
2014,59,0,4672
2014,59,1,741
2014,59,2,1292
2014,59,3,5158
2014,60,0,196
2014,60,1,33
2014,60,2,21
2014,60,3,201
2014,61,0,43
2014,61,1,3
2014,61,2,11
2014,61,3,69
2014,62,0,649
2014,62,1,94
2014,62,2,100
2014,62,3,358
2014,63,0,513
2014,63,1,74
2014,63,2,144
2014,63,3,222
2014,64,0,3922
2014,64,1,416
2014,64,2,993
2014,64,3,4279
2014,65,0,236
2014,65,1,61
2014,65,2,46
2014,65,3,150
2014,66,0,621
2014,66,1,84
2014,66,2,139
2014,66,3,567
2014,67,0,1327
2014,67,1,177
2014,67,2,300
2014,67,3,393
2014,68,0,101
2014,68,1,17
2014,68,2,23
2014,68,3,55
2014,70,0,1448
2014,70,1,179
2014,70,2,415
2014,70,3,469
2014,71,0,1790
2014,71,1,212
2014,71,2,284
2014,71,3,715
2014,72,0,1768
2014,72,1,439
2014,72,2,346
2014,72,3,1349
2014,73,0,138
2014,73,1,9
2014,73,2,11
2014,73,3,36
2014,74,0,2906
2014,74,1,330
2014,74,2,569
2014,74,3,3523
2014,75,0,5708
2014,75,1,1085
2014,75,2,826
2014,75,3,5972
2014,76,0,1794
2014,76,1,154
2014,76,2,253
2014,76,3,970
2014,77,0,5625
2014,77,1,575
2014,77,2,646
2014,77,3,6127
2014,78,0,5574
2014,78,1,528
2014,78,2,1187
2014,78,3,5570
2014,79,0,3216
2014,79,1,527
2014,79,2,704
2014,79,3,2608
2014,80,0,228
2014,80,1,25
2014,80,2,31
2014,80,3,71
